"PP","Complementation_ID50","No_Complementation_ID50"
0.1,1.62181009735893,9999.99999999999
0.2,0.398107170553497,39.0625
0.3,NA,1.52415790275872
0.4,0.0416869383470335,0.152587890625
0.5,0.0114815362149688,0.0256
0.6,0.00295120922666638,0.00595374180765128
0.7,NA,0.0017346652555743
0.8,0.000301995172040202,0.000596046447753906
0.9,0.000117489755493953,0.000232305731254188
1,1e-04,1e-04
