"Pp","Complementation_ID50","No_Complementation_ID50"
0.1,0.615813094035082,3
0.2,-0.268970625995673,0.59176003468815
0.3,-1.35664192207693,-0.816970037757299
0.4,-2.05243872028542,-1.8164799306237
0.5,-2.75656427087718,-2.59176003468815
0.6,-3.34484242721672,-3.22521000306915
0.7,-3.89280868911049,-3.76078432011405
0.8,-4.16794718402661,-4.22471989593555
0.9,-4.35622692930683,-4.6339400755146
1,-5,-5
