"Assay","Ratio"
"NS_ddPCR",1
"M_ddPCR",1.11701613255823
"HA_FACS",1.10073934706323
"PFU",24.0210330273437
"TCID50",51.2529944380666
"GPID50",815.067407079719
